Workbook

Sheet Executive Summary
A1: EXIUM MUPS — GERD IN PREGNANCY CLINICAL SURVEY REPORT
A2: Obstetrics & Gynaecology Doctor Opinion Analysis
B4: TOTAL TERRITORIES | D4: TOTAL DOCTORS SURVEYED | G4: TERRITORY COVERAGE %
B5: 1,869 | D5: =COUNTA('Survey Responses'!A2:A5000) | G5: =(COUNTIF('Territory Coverage Matrix'!J2:J1879, "Completed")/1869)*100
B7: 1. Based on your clinical experience, in which trimester do your patients report the most GERD/gastric symptoms?
B9: Option Code | C9: Trimester / Clinical Response | D9: Response Count | E9: % Share
B10: A | C10: First trimester | D10: =COUNTIF('Survey Responses'!M:M, "A") | E10: =IF(COUNTA('Survey Responses'!A2:A5000)>0, D10/COUNTA('Survey Responses'!A2:A5000), 0)
B11: B | C11: Second trimester | D11: =COUNTIF('Survey Responses'!M:M, "B") | E11: =IF(COUNTA('Survey Responses'!A2:A5000)>0, D11/COUNTA('Survey Responses'!A2:A5000), 0)
B12: C | C12: Third trimester | D12: =COUNTIF('Survey Responses'!M:M, "C") | E12: =IF(COUNTA('Survey Responses'!A2:A5000)>0, D12/COUNTA('Survey Responses'!A2:A5000), 0)
B13: D | C13: Throughout pregnancy (All trimesters) | D13: =COUNTIF('Survey Responses'!M:M, "D") | E13: =IF(COUNTA('Survey Responses'!A2:A5000)>0, D13/COUNTA('Survey Responses'!A2:A5000), 0)
B16: 2. Which GERD symptom is most commonly reported by your pregnant patients?
B18: Option Code | C18: Commonly Reported GERD Symptom | D18: Response Count | E18: % Share
B19: A | C19: Heartburn (Retrosternal burning) | D19: =COUNTIF('Survey Responses'!O:O, "A") | E19: =IF(COUNTA('Survey Responses'!A2:A5000)>0, D19/COUNTA('Survey Responses'!A2:A5000), 0)
B20: B | C20: Acid regurgitation / sour taste | D20: =COUNTIF('Survey Responses'!O:O, "B") | E20: =IF(COUNTA('Survey Responses'!A2:A5000)>0, D20/COUNTA('Survey Responses'!A2:A5000), 0)
B21: C | C21: Epigastric pain / Upper abdominal discomfort | D21: =COUNTIF('Survey Responses'!O:O, "C") | E21: =IF(COUNTA('Survey Responses'!A2:A5000)>0, D21/COUNTA('Survey Responses'!A2:A5000), 0)
B22: D | C22: Belching | D22: =COUNTIF('Survey Responses'!O:O, "D") | E22: =IF(COUNTA('Survey Responses'!A2:A5000)>0, D22/COUNTA('Survey Responses'!A2:A5000), 0)
B23: E | C23: Other | D23: =COUNTIF('Survey Responses'!O:O, "E") | E23: =IF(COUNTA('Survey Responses'!A2:A5000)>0, D23/COUNTA('Survey Responses'!A2:A5000), 0)

Sheet Territory Coverage Matrix
A1: SL | B1: Zone | C1: Zonal Head | D1: Region | E1: Regional Head | F1: SAP Territory Code | G1: Territory Name | H1: SAP MIO Code | I1: MIO / Sr. MIO Name | J1: Survey Status | K1: Doctors Surveyed Count
A2: 1 | B2: Bogura (GEN-A) | C2: Mr. A H M Shabetuzzaman | D2: Bogura GEN-A-1 | E2: Mr. Farhan Uddin | F2: 13419 | G2: Bogura-11 | H2: 3012 | I2: Md. Rashidul Islam | J2: =IF(K2>0, "Completed", "Pending") | K2: =COUNTIF('Survey Responses'!F:F, F2)
A3: 2 | B3: Bogura (GEN-A) | C3: Mr. A H M Shabetuzzaman | D3: Bogura GEN-A-1 | E3: Mr. Farhan Uddin | F3: 14542 | G3: Bogura-13 | H3: 7640 | I3: Mr. Md. Imtiaz Ahmed | J3: =IF(K3>0, "Completed", "Pending") | K3: =COUNTIF('Survey Responses'!F:F, F3)
A4: 3 | B4: Bogura (GEN-A) | C4: Mr. A H M Shabetuzzaman | D4: Bogura GEN-A-1 | E4: Mr. Farhan Uddin | F4: 10138 | G4: Bogura-3 | H4: 5670 | I4: Mr. Md. Amdadul Haque | J4: =IF(K4>0, "Completed", "Pending") | K4: =COUNTIF('Survey Responses'!F:F, F4)
A5: 4 | B5: Bogura (GEN-A) | C5: Mr. A H M Shabetuzzaman | D5: Bogura GEN-A-1 | E5: Mr. Farhan Uddin | F5: 10139 | G5: Bogura-8 | H5: 7618 | I5: Mr. Jahidul Islam Nahid | J5: =IF(K5>0, "Completed", "Pending") | K5: =COUNTIF('Survey Responses'!F:F, F5)
A6: 5 | B6: Bogura (GEN-A) | C6: Mr. A H M Shabetuzzaman | D6: Bogura GEN-A-1 | E6: Mr. Farhan Uddin | F6: 10137 | G6: Bogura-9 | H6: 1728 | I6: Md. Manik Miah | J6: =IF(K6>0, "Completed", "Pending") | K6: =COUNTIF('Survey Responses'!F:F, F6)
A7: 6 | B7: Bogura (GEN-A) | C7: Mr. A H M Shabetuzzaman | D7: Bogura GEN-A-1 | E7: Mr. Farhan Uddin | F7: 10140 | G7: Gabtoly | H7: 1867 | I7: Samaul Kabir | J7: =IF(K7>0, "Completed", "Pending") | K7: =COUNTIF('Survey Responses'!F:F, F7)
A8: 7 | B8: Bogura (GEN-A) | C8: Mr. A H M Shabetuzzaman | D8: Bogura GEN-A-1 | E8: Mr. Farhan Uddin | F8: 12199 | G8: Shariakandi-1 | H8: 6605 | I8: Mr. Farhad Hossen | J8: =IF(K8>0, "Completed", "Pending") | K8: =COUNTIF('Survey Responses'!F:F, F8)
A9: 8 | B9: Bogura (GEN-A) | C9: Mr. A H M Shabetuzzaman | D9: Bogura GEN-A-2 | E9: Md. Alamgir Hossain | F9: 10144 | G9: Bogura-10 | H9: 5738 | I9: Mr. Partho Biswas | J9: =IF(K9>0, "Completed", "Pending") | K9: =COUNTIF('Survey Responses'!F:F, F9)
A10: 9 | B10: Bogura (GEN-A) | C10: Mr. A H M Shabetuzzaman | D10: Bogura GEN-A-2 | E10: Md. Alamgir Hossain | F10: 10149 | G10: Bogura-12 | H10: 3190 | I10: Md. Tazirul Islam | J10: =IF(K10>0, "Completed", "Pending") | K10: =COUNTIF('Survey Responses'!F:F, F10)
A11: 10 | B11: Bogura (GEN-A) | C11: Mr. A H M Shabetuzzaman | D11: Bogura GEN-A-2 | E11: Md. Alamgir Hossain | F11: 10148 | G11: Bogura-2 | H11: 8747 | I11: Mr. Md. Zahid Hassan | J11: =IF(K11>0, "Completed", "Pending") | K11: =COUNTIF('Survey Responses'!F:F, F11)
A12: 11 | B12: Bogura (GEN-A) | C12: Mr. A H M Shabetuzzaman | D12: Bogura GEN-A-2 | E12: Md. Alamgir Hossain | F12: 10136 | G12: Bogura-4 | H12: 6549 | I12: Mr. Md. Arif Hossain | J12: =IF(K12>0, "Completed", "Pending") | K12: =COUNTIF('Survey Responses'!F:F, F12)
A13: 12 | B13: Bogura (GEN-A) | C13: Mr. A H M Shabetuzzaman | D13: Bogura GEN-A-2 | E13: Md. Alamgir Hossain | F13: 10151 | G13: Shibgonj-1 (Bogura) | H13: 750 | I13: Mr. Nasir Uddin Bhuyian | J13: =IF(K13>0, "Completed", "Pending") | K13: =COUNTIF('Survey Responses'!F:F, F13)
... A1870: 1869 | B1870: Dhaka-C (GEN-A) | C1870: Mr. Utpal Kumar Sen | D1870: Dhaka GEN-A-10 | E1870: Mr. Md. Bayezid Al Hasan | F1870: 11140 | G1870: RPL Mitford-A | H1870: 11140 | I1870: Institutional Sales | J1870: =IF(K1870>0, "Completed", "Pending") | K1870: =COUNTIF('Survey Responses'!F:F, F1870)

Sheet Survey Responses
A1: Timestamp | B1: Zone | C1: Zonal Head | D1: Region | E1: Regional Head | F1: SAP Territory Code | G1: Territory Name | H1: SAP MIO Code | I1: MIO / Sr. MIO Name | J1: Doctor Full Name | K1: Doctor RPL ID | L1: Q1 Code | M1: Q1 Answer (Trimester) | N1: Q2 Code | O1: Q2 Answer (GERD Symptom) | P1: Survey Record ID
